{"cameraMode":{"drawMode":0,"name":"Shaded","section":"Shading Mode"},"sceneLighting":true,"audioPlay":false,"sceneViewState":{"showFog":true,"showMaterialUpdate":false,"showSkybox":true,"showFlares":true,"showImageEffects":true,"showParticleSystems":true},"in2DMode":false,"pivot":{"x":0.9716463088989258,"y":0.4076547622680664,"z":-1.077763557434082},"rotation":{"x":-0.29723381996154787,"y":0.5858564972877502,"z":-0.24412000179290772,"w":-0.7133256196975708},"size":10.0,"orthographic":false}